<?xml version="1.0" encoding="UTF-8" ?><rss version="2.0" xmlns:atom="http://www.w3.org/2005/Atom">
	<channel>
		<title>DataTables releases feed</title>
		<link>http://www.datatables.net/</link>
		<language>en-us</language>
		<description>Software release information for DataTables and its extensions</description>
		<atom:link href="http://www.datatables.net/feeds/releases.xml" rel="self" type="application/rss+xml" />

<item>
	<title>Plugins 1.11.1 released</title>
	<description><![CDATA[<p>Release alongside DataTables 1.11.1.</p>

    <p><a href="//datatables.net/download">Download Plugins 1.11.1</a></p>  ]]></description>
	<pubDate>Sat, 04 Sep 2021 09:20:58 GMT</pubDate>
	<guid isPermaLink="true">http://www.datatables.net/#420</guid>
	<link>http://www.datatables.net/</link>
</item>

<item>
	<title>DataTables 1.11.1 released</title>
	<description><![CDATA[<p>A quick turn around for 1.11.1 due to a <code>let</code> variable that sneaked in.</p>
<ul class="markdown">
<li>Fix: Remove <code>let</code> that was used instead of a <code>var</code></li>
<li>Fix: Language information being loaded in might not take into account the thousands and decimal separator options if using camelCase styl</li>
</ul>
    <p><a href="/releases/DataTables-1.11.1.zip">Download DataTables 1.11.1</a></p>  ]]></description>
	<pubDate>Sat, 04 Sep 2021 09:11:50 GMT</pubDate>
	<guid isPermaLink="true">http://www.datatables.net/#419</guid>
	<link>http://www.datatables.net/</link>
</item>

<item>
	<title>Editor 2.0.5 released</title>
	<description><![CDATA[<p>Although primarily a bug fix release for Editor 2.0.x, this release includes support for SearchBuilder's new server-side processing ability in our three server-side libraries. There are also tweaks to improve the usability of the <a href="//editor.datatables.net/reference/field/datatable"><code class="field" title="Editor field type">datatable</code></a> field type, updates to documention and examples along with a number of bug fixes.</p>
<h3 data-anchor="Core"><a name="Core"></a>Core</h3>

<ul class="markdown">
<li>New: <a href="//editor.datatables.net/reference/event/preUpload"><code class="event" title="Editor event">preUpload</code></a> will now accept a <code>Promise</code> as the result, allowing the delay of the upload action performed by Editor, letting you modify the image client-side if required.</li>
<li>New example: SearchBuilder and SSP</li>
<li>Updated: <a href="//editor.datatables.net/reference/field/datatable"><code class="field" title="Editor field type">datatable</code></a> will now update its paging to move to newly created rows when using nested editing</li>
<li>Updated: <a href="//editor.datatables.net/reference/field/datatable"><code class="field" title="Editor field type">datatable</code></a> will now work with nested data using Javascript dot notation</li>
<li>Fix: Bootstrap 5 now has a <code>$.fn.dataTable.Editor.bootstrap(...)</code> function which can be used to specify the Bootstrap object, rather than requiring it to be on the global scope.</li>
<li>Fix: Bulma styling when multiple Editors exist on a single page</li>
<li>Fix: Inline create did not take into account hidden columns</li>
<li>Fix: <code>unselectedValue</code> for <a href="//editor.datatables.net/reference/field/radio"><code class="field" title="Editor field type">radio</code></a> wasn't correctly being used</li>
<li>Fix: When used with <a href="//datatables.net/reference/option/language.url"><code class="option" title="DataTables initialisation option">language.url</code></a> the <a href="//editor.datatables.net/reference/field/datatable"><code class="field" title="Editor field type">datatable</code></a> field type would not display</li>
<li>Fix - docs: Add <code>editor</code> option to <a href="//editor.datatables.net/reference/field/datatable"><code class="field" title="Editor field type">datatable</code></a> docs</li>
</ul>

<h3 data-anchor=".NET"><a name=".NET"></a>.NET</h3>

<ul class="markdown">
<li>New: SSP support for SearchBuilder</li>
<li>New: <code>EditorGet(bool)</code> and <code>EditorSet(Field.SetType)</code> attributes for models</li>
<li>Fix: <code>set(false)</code> fields would throw an error as we incorrectly attempted to read a "set" value from them</li>
<li>Fix: Was using a split method that isn't available in old versions of .NET Framework</li>
</ul>

<h3 data-anchor="NodeJS"><a name="NodeJS"></a>NodeJS</h3>

<ul class="markdown">
<li>New: Add support for SearchBuilder and server-side processing</li>
<li>Fix: In postgres Mjoin's distinct call wasn't working</li>
<li>Fix: <code>set(false)</code> fields would throw an error as we incorrectly attempted to read a "set" value from them</li>
</ul>

<h3 data-anchor="PHP"><a name="PHP"></a>PHP</h3>

<ul class="markdown">
<li>New: Started PHP SSP integration for SearchBuilder. Conditions all working, but no nesting.</li>
<li>Fix: Multiple upload fields on a single table</li>
<li>Fix: <code>set(false)</code> fields would throw an error as we incorrectly attempted to read a "set" value from them</li>
<li>Fix: Show field name if given an SQL function error</li>
</ul>
    <p><a href="/releases/Editor-2.0.5.zip">Download Editor 2.0.5</a></p>  ]]></description>
	<pubDate>Wed, 25 Aug 2021 13:54:33 GMT</pubDate>
	<guid isPermaLink="true">http://www.datatables.net/#417</guid>
	<link>http://www.datatables.net/</link>
</item>

<item>
	<title>DataTables 1.11.0 released</title>
	<description><![CDATA[<p>Unbelievably it has been 7 years since DataTables 1.10 was released. We've moved on a long way since then, but in incremental steps and it is long past time we bumped more than just a patch release.</p>

<p>The headline feature in this release is that it is now possible to initialise and use DataTables without writing an jQuery code. We still use jQuery as a utility library, so it is still a dependency, but if you prefer to write non-jQuery code, you can now do so with DataTables as well.</p>

<p>Major work has also happened on the state saving (state can be read at any time rather than needing <a href="//datatables.net/reference/option/stateSave"><code class="option" title="DataTables initialisation option">stateSave</code></a> to be enabled) and child rows (which now work with state saving and will trigger their own <a href="//datatables.net/reference/event/childRow"><code class="event" title="DataTables event">childRow</code></a> events). We've also revamped the TypeScript definitions for DataTables to make them more precise.</p>

<p>We hope you enjoy this latest iteration of DataTables!</p>
<h3 data-anchor="New"><a name="New"></a>New</h3>

<ul class="markdown">
<li>Non-jQuery initialisation of DataTables.</li>
<li>Support for 204 status codes on Ajax response</li>
<li>No longer require an empty data array if there is no data</li>
<li>Initialisation option for search on return: <a href="//datatables.net/reference/option/search.return"><code class="option" title="DataTables initialisation option">search.return</code></a></li>
<li>Add a search-side processing example for <a href="//datatables.net/reference/option/search.return"><code class="option" title="DataTables initialisation option">search.return</code></a>.</li>
<li><a href="//datatables.net/reference/api/state()"><code class="api" title="DataTables API method">state()</code></a> can be used to get the table's state even when state saving is not enabled</li>
<li><a href="//datatables.net/reference/api/DataTable.util.nestedGet"><code class="api" title="DataTables API method">DataTable.util.nestedGet</code></a> and <a href="//datatables.net/reference/api/DataTable.util.nestedSet"><code class="api" title="DataTables API method">DataTable.util.nestedSet</code></a> methods which are used internally for <a href="//datatables.net/reference/option/columns.data"><code class="option" title="DataTables initialisation option">columns.data</code></a> and <a href="//datatables.net/reference/option/columns.render"><code class="option" title="DataTables initialisation option">columns.render</code></a>. This exposes that ability for use in plug-ins and extensions.</li>
<li><a href="//datatables.net/reference/api/cells().render()"><code class="api" title="DataTables API method">cells().render()</code></a> now supports the <code>search</code> and <code>order</code> alias for getting orthogonal data</li>
<li>Child row actions will now trigger a <a href="//datatables.net/reference/event/childRow"><code class="event" title="DataTables event">childRow</code></a> event</li>
<li>Child row state is now included in state saving</li>
<li>Add CSS for child rows into core CSS</li>
</ul>

<h3 data-anchor="Typescript"><a name="Typescript"></a>Typescript</h3>

<ul class="markdown">
<li>Fix for old style <code>$().dataTable()</code> init</li>
<li>Fix jQuery definitions</li>
<li>Typing for selectors and passing around the data type more</li>
<li>Row data type information can be passed around now</li>
<li>Correct an error in the iterator method, allowing overrides</li>
<li>Expose top level DataTable class via TypeScript types</li>
</ul>

<h3 data-anchor="Update"><a name="Update"></a>Update</h3>

<ul class="markdown">
<li>Documenting <code>$.fn.dataTable</code> static methods as accessible through <code>DataTable</code> object</li>
</ul>

<h3 data-anchor="Fixes"><a name="Fixes"></a>Fixes</h3>

<ul class="markdown">
<li>CSS for nested DataTable in a scrolling DataTable would have its sorting icons removed</li>
<li>Rather than using Bootstrap 5's default row striping (which is 2n+1 based) we need to use the .odd selector to account for injected rows (child rows, rowgroup, etc).</li>
<li>Remove superflous aria roles</li>
<li>Scrollbar was showing on tables which had a border on the table</li>
<li>Make requestChild event run before initComplete</li>
<li>Fix naming of childRow event in docs</li>
<li>Misspellings and typos found by CodeSpell 2.1.0</li>
<li>Move typography styles to common.scss so that they are available on all styling libraries rather than just the core.</li>
<li><code>ajax</code> when used as a function would not trigger an error event if an error occurred.</li>
<li>Column alignment was off for x-scrolling tables with complex headers in Chrome 91+</li>
</ul>
    <p><a href="/releases/DataTables-1.11.0.zip">Download DataTables 1.11.0</a></p>  ]]></description>
	<pubDate>Wed, 25 Aug 2021 13:15:07 GMT</pubDate>
	<guid isPermaLink="true">http://www.datatables.net/#416</guid>
	<link>http://www.datatables.net/</link>
</item>

<item>
	<title>Buttons 2.0.0 released</title>
	<description><![CDATA[<p>Our first major upgrade to Buttons and it introduces split buttons! A split button is very similar to the existing collection ability, but in this case the main button still triggers its own action, while the split part will show a dropdown offering customisation of options for the main button.</p>
<ul class="markdown">
<li>New: Split buttons - sub-menu or options for a button</li>
<li>New: <a href="//datatables.net/reference/api/button().collectionRebuild()"><code class="api" title="DataTables API method">button().collectionRebuild()</code></a> method which is used to clear and then insert new buttons into a collection.</li>
<li>Updated: Visual tweaks to collection dropdown for DataTables styling</li>
<li>Fix: Collections need to be re-generated after a column reordering event</li>
<li>Depreate: <code>collectionTitle</code> in favour of <code>popoverTitle</code></li>
<li>Removed: All Flash documentation and also mentions of it from docs and example</li>
</ul>
    <p><a href="/releases/Buttons-2.0.0.zip">Download Buttons 2.0.0</a></p>  ]]></description>
	<pubDate>Wed, 25 Aug 2021 12:52:47 GMT</pubDate>
	<guid isPermaLink="true">http://www.datatables.net/#415</guid>
	<link>http://www.datatables.net/</link>
</item>

<item>
	<title>SearchBuilder 1.2.0 released</title>
	<description><![CDATA[<p>Introducing server-side processing for SearchBuilder! The Javascript library will now send the parameters required to the server when <a href="//datatables.net/reference/option/serverSide"><code class="option" title="DataTables initialisation option">serverSide</code></a> is enabled, and our three server-side implementations for Editor (PHP, .NET and NodeJS) support this new ability.</p>

<p>Also included in this release are a number of bug fixes.</p>
<h3 data-anchor="New"><a name="New"></a>New</h3>

<ul class="markdown">
<li>Server-side processing support</li>
<li>Add columns.searchBuilderTitle initialisation option</li>
<li>Add deFormatDates flag to getDetails API method</li>
</ul>

<h3 data-anchor="Fixes"><a name="Fixes"></a>Fixes</h3>

<ul class="markdown">
<li>Allow elements to take the shade of the background</li>
<li>Stop error being thrown when sorting the values</li>
<li>Fix issue with dates not being formatted properly</li>
<li>Add documentation for the base level <code>searchBuilder</code> initialisation option</li>
<li>Fix error message when switching from empty to another condition</li>
<li>Fix issues with empty and not empty conditions throwing errors</li>
<li>Fix issue with paging resetting on table when editing a row</li>
<li>Fix issue with disabled attribute not being removed properly</li>
<li>Fix issue with event listeners being dropped on rebuilds</li>
<li>Strengthen if condition to check types array is not null</li>
<li>Fix issue with select elements not sorting num data correctly</li>
<li>Stop draw event triggering when criteria is not complete.</li>
<li>Reduce the number of times the draw event is triggered</li>
</ul>

<h3 data-anchor="Deprecated"><a name="Deprecated"></a>Deprecated</h3>

<ul class="markdown">
<li>Deprecate the searchBuilder.enterSearch option. User should now use the search.return option introduced in DT 1.11.0</li>
</ul>
    <p><a href="/releases/SearchBuilder-1.2.0.zip">Download SearchBuilder 1.2.0</a></p>  ]]></description>
	<pubDate>Wed, 25 Aug 2021 12:41:07 GMT</pubDate>
	<guid isPermaLink="true">http://www.datatables.net/#414</guid>
	<link>http://www.datatables.net/</link>
</item>

<item>
	<title>SearchPanes 1.4.0 released</title>
	<description><![CDATA[<p>This release of SearchPanes adds a new UI element to the display as well as addressing a number of issues. The new UI element let's the end user collapse individual panes, allowing less screen space to be used.</p>
<ul class="markdown">
<li>New: Add new options to allow the collapsing of individual panes</li>
<li>Fix: Reduce number of calls to filterChanged</li>
<li>Fix: Fix issue with incorrect cursor in searchpanes rows</li>
<li>Fix: Fix issue with SearchPanes in a button SSP and state saving</li>
<li>Fix: Fix issue with SSP and individual clear buttons not being activated</li>
<li>Fix: Fix issue with SP in a button not saving state</li>
<li>Fix: Fix potential issue with searchTerm being null</li>
<li>Fix: Reduce the number of state saves that are performed by SearchPanes</li>
<li>Fix: Fix issue with clearAll button not working properly with cascadePanes</li>
<li>Fix: Fix issue with cascadePanes and viewTotal blocking the paging on the main table</li>
<li>Fix: Fix issue with SearchPanes in a button resetting paging when button pressed</li>
<li>Fix: Fix issue with cascade scroll position not being maintained on a deselect.</li>
<li>Fix: Stop SearchPanes search from searching for the count and total values</li>
<li>Fix: Fix issue with cascadePanes scrolling to the top on deselects</li>
<li>Fix: Fixed issue with cascadePanes scrolling to the top of the pane on selection</li>
<li>Fix: Fix issue with custom message in SearchPanes button</li>
</ul>
    <p><a href="/releases/SearchPanes-1.4.0.zip">Download SearchPanes 1.4.0</a></p>  ]]></description>
	<pubDate>Wed, 25 Aug 2021 11:39:38 GMT</pubDate>
	<guid isPermaLink="true">http://www.datatables.net/#413</guid>
	<link>http://www.datatables.net/</link>
</item>

<item>
	<title>Scroller 2.0.5 released</title>
	<description><![CDATA[<p>Just a single bug fix in this release.</p>
<p>Fix: Label position next to the scrollbar was incorrect when the data set was filtered</p>
    <p><a href="/releases/Scroller-2.0.5.zip">Download Scroller 2.0.5</a></p>  ]]></description>
	<pubDate>Wed, 25 Aug 2021 11:15:06 GMT</pubDate>
	<guid isPermaLink="true">http://www.datatables.net/#412</guid>
	<link>http://www.datatables.net/</link>
</item>

<item>
	<title>KeyTable 2.6.4 released</title>
	<description><![CDATA[<p>No functional changes over 2.6.3, but addresses an error in the npm packaging.</p>
<ul class="markdown">
<li>Corrects packaging error with npm for Typescript typings</li>
</ul>
    <p><a href="/releases/DataTables-2.6.4.zip">Download KeyTable 2.6.4</a></p>  ]]></description>
	<pubDate>Wed, 25 Aug 2021 11:05:57 GMT</pubDate>
	<guid isPermaLink="true">http://www.datatables.net/#411</guid>
	<link>http://www.datatables.net/</link>
</item>

<item>
	<title>KeyTable 2.6.3 released</title>
	<description><![CDATA[<p>A minor release of KeyTable which fixes RTL key travel and adds <a href="//datatables.net/reference/option/keys.editorOptions"><code class="option" title="DataTables initialisation option">keys.editorOptions</code></a> for more control of inline editing with Editor.</p>
<ul class="markdown">
<li>New: <code>keys.editorOptions</code> callback which can be used to modify how the <a href="//editor.datatables.net/reference/api/inline()"><code class="api" title="Editor API method">inline()</code></a> method is called</li>
<li>Fix: Fix issue with keytable and document direction of rtl</li>
</ul>
    <p><a href="/releases/KeyTable-2.6.3.zip">Download KeyTable 2.6.3</a></p>  ]]></description>
	<pubDate>Wed, 25 Aug 2021 10:07:21 GMT</pubDate>
	<guid isPermaLink="true">http://www.datatables.net/#409</guid>
	<link>http://www.datatables.net/</link>
</item>

<item>
	<title>DateTime 1.1.1 released</title>
	<description><![CDATA[<p>Minor fix for a Javascript error that could occur on DataTables' i18n event.</p>
<ul class="markdown">
<li>Fix: Error when looking for i18n options as a result of the DataTables i18n event</li>
<li>Fix - docs: Links to reference docs were incorrect</li>
</ul>
    <p><a href="/releases/DateTime-1.1.1.zip">Download DateTime 1.1.1</a></p>  ]]></description>
	<pubDate>Fri, 20 Aug 2021 15:46:13 GMT</pubDate>
	<guid isPermaLink="true">http://www.datatables.net/#408</guid>
	<link>http://www.datatables.net/</link>
</item>

<item>
	<title>AutoFill 2.3.9 released</title>
	<description><![CDATA[<p>Another error with the packaging for Bootstrap 5 and Bulma. Again no changes to the actual software.</p>
<ul class="markdown">
<li>Fix Bootstrap 5 packaging error</li>
</ul>
    <p><a href="/releases/AutoFill-2.3.9.zip">Download AutoFill 2.3.9</a></p>  ]]></description>
	<pubDate>Fri, 18 Jun 2021 09:09:33 GMT</pubDate>
	<guid isPermaLink="true">http://www.datatables.net/#407</guid>
	<link>http://www.datatables.net/</link>
</item>

<item>
	<title>AutoFill 2.3.8 released</title>
	<description><![CDATA[<p>No changes to the software for this release other than the version number. This release is to fix an error with the npm packaging that was present in 2.3.7.</p>
<ul class="markdown">
<li>Fix npm dependencies</li>
</ul>
    <p><a href="/releases/AutoFill-2.3.8.zip">Download AutoFill 2.3.8</a></p>  ]]></description>
	<pubDate>Thu, 17 Jun 2021 15:38:03 GMT</pubDate>
	<guid isPermaLink="true">http://www.datatables.net/#406</guid>
	<link>http://www.datatables.net/</link>
</item>

<item>
	<title>Editor 2.0.4 released</title>
	<description><![CDATA[<p>Due to a bug discovered between Bootstrap 5.0.1 and our Bootstrap 5 integration for Editor, this is a quick turnaround from Editor 2.0.3. There is also a fix for SearchPanes server-side processing and a new attribute for .NET. See below for full details.</p>
<h3 data-anchor="JS-Core"><a name="JS-Core"></a>JS Core</h3>

<ul class="markdown">
<li>Fix: Boostrap 5 - error when using Bootstrap 5.0.0 or newer (beta's didn't have this error) when initialising a modal</li>
</ul>

<h3 data-anchor="NET"><a name="NET"></a>NET</h3>

<ul class="markdown">
<li>New: <code>EditorIgnore()</code> attribute which can be used in a model to tell Editor to not process the property that the attribute is attached to.</li>
</ul>

<h3 data-anchor="NodeJS"><a name="NodeJS"></a>NodeJS</h3>

<ul class="markdown">
<li>Fix: Issue with SearchPanes Node not working for cascade panes</li>
</ul>
    <p><a href="//editor.datatables.net/download">Download Editor 2.0.4</a></p>  ]]></description>
	<pubDate>Thu, 10 Jun 2021 14:46:03 GMT</pubDate>
	<guid isPermaLink="true">http://www.datatables.net/#405</guid>
	<link>http://www.datatables.net/</link>
</item>

<item>
	<title>Responsive 2.2.9 released</title>
	<description><![CDATA[<p>Single change in this release, to address an error with Bootstrap 5 integration.</p>
<ul class="markdown">
<li>Fix: Bootstrap 5.0.0 changed slightly the initialisation of the modal, which now needs the document to be available</li>
</ul>
    <p><a href="/releases/Responsive-2.2.9.zip">Download Responsive 2.2.9</a></p>  ]]></description>
	<pubDate>Wed, 09 Jun 2021 12:11:41 GMT</pubDate>
	<guid isPermaLink="true">http://www.datatables.net/#404</guid>
	<link>http://www.datatables.net/</link>
</item>


	</channel>
</rss>
