{
    "data": [
      {
        "DT_RowId": "row_1",
        "users": {
          "first_name": "Quynn",
          "last_name": "Contreras",
          "site": "1"
        },
        "sites": {
          "name": "Edinburgh"
        },
        "permission": [
          {
            "id": "3",
            "name": "Desktop"
          },
          {
            "id": "1",
            "name": "Printer"
          },
          {
            "id": "4",
            "name": "VMs"
          }
        ]
      },
      {
        "DT_RowId": "row_7",
        "users": {
          "first_name": "Xantha",
          "last_name": "George",
          "site": "1"
        },
        "sites": {
          "name": "Edinburgh"
        },
        "permission": [
          {
            "id": "2",
            "name": "Servers"
          }
        ]
      },
      {
        "DT_RowId": "row_13",
        "users": {
          "first_name": "Lael",
          "last_name": "Kim",
          "site": "1"
        },
        "sites": {
          "name": "Edinburgh"
        },
        "permission": [
          {
            "id": "3",
            "name": "Desktop"
          },
          {
            "id": "6",
            "name": "Accounts"
          },
          {
            "id": "1",
            "name": "Printer"
          },
          {
            "id": "2",
            "name": "Servers"
          }
        ]
      },
      {
        "DT_RowId": "row_19",
        "users": {
          "first_name": "Mona",
          "last_name": "Terry",
          "site": "1"
        },
        "sites": {
          "name": "Edinburgh"
        },
        "permission": []
      },
      {
        "DT_RowId": "row_25",
        "users": {
          "first_name": "Ishmael",
          "last_name": "Crosby",
          "site": "1"
        },
        "sites": {
          "name": "Edinburgh"
        },
        "permission": []
      },
      {
        "DT_RowId": "row_31",
        "users": {
          "first_name": "Quinn",
          "last_name": "Mccall",
          "site": "1"
        },
        "sites": {
          "name": "Edinburgh"
        },
        "permission": [
          {
            "id": "3",
            "name": "Desktop"
          }
        ]
      },
      {
        "DT_RowId": "row_2",
        "users": {
          "first_name": "Kaitlin",
          "last_name": "Smith",
          "site": "2"
        },
        "sites": {
          "name": "London"
        },
        "permission": [
          {
            "id": "1",
            "name": "Printer"
          },
          {
            "id": "4",
            "name": "VMs"
          }
        ]
      },
      {
        "DT_RowId": "row_8",
        "users": {
          "first_name": "Bryar",
          "last_name": "Long",
          "site": "2"
        },
        "sites": {
          "name": "London"
        },
        "permission": [
          {
            "id": "1",
            "name": "Printer"
          }
        ]
      },
      {
        "DT_RowId": "row_14",
        "users": {
          "first_name": "Lyle",
          "last_name": "Lewis",
          "site": "2"
        },
        "sites": {
          "name": "London"
        },
        "permission": []
      },
      {
        "DT_RowId": "row_20",
        "users": {
          "first_name": "Medge",
          "last_name": "Patterson",
          "site": "2"
        },
        "sites": {
          "name": "London"
        },
        "permission": [
          {
            "id": "1",
            "name": "Printer"
          },
          {
            "id": "3",
            "name": "Desktop"
          },
          {
            "id": "2",
            "name": "Servers"
          }
        ]
      },
      {
        "DT_RowId": "row_26",
        "users": {
          "first_name": "Quintessa",
          "last_name": "Pickett",
          "site": "2"
        },
        "sites": {
          "name": "London"
        },
        "permission": []
      },
      {
        "DT_RowId": "row_32",
        "users": {
          "first_name": "Alexa",
          "last_name": "Wilder",
          "site": "2"
        },
        "sites": {
          "name": "London"
        },
        "permission": [
          {
            "id": "4",
            "name": "VMs"
          }
        ]
      },
      {
        "DT_RowId": "row_3",
        "users": {
          "first_name": "Cruz",
          "last_name": "Reynolds",
          "site": "3"
        },
        "sites": {
          "name": "Paris"
        },
        "permission": []
      },
      {
        "DT_RowId": "row_9",
        "users": {
          "first_name": "Kuame",
          "last_name": "Wynn",
          "site": "3"
        },
        "sites": {
          "name": "Paris"
        },
        "permission": [
          {
            "id": "2",
            "name": "Servers"
          }
        ]
      },
      {
        "DT_RowId": "row_15",
        "users": {
          "first_name": "Veronica",
          "last_name": "Marks",
          "site": "3"
        },
        "sites": {
          "name": "Paris"
        },
        "permission": []
      },
      {
        "DT_RowId": "row_21",
        "users": {
          "first_name": "Perry",
          "last_name": "Gamble",
          "site": "3"
        },
        "sites": {
          "name": "Paris"
        },
        "permission": [
          {
            "id": "2",
            "name": "Servers"
          },
          {
            "id": "4",
            "name": "VMs"
          }
        ]
      },
      {
        "DT_RowId": "row_27",
        "users": {
          "first_name": "Ifeoma",
          "last_name": "Mays",
          "site": "3"
        },
        "sites": {
          "name": "Paris"
        },
        "permission": []
      },
      {
        "DT_RowId": "row_33",
        "users": {
          "first_name": "Rhonda",
          "last_name": "Harrell",
          "site": "3"
        },
        "sites": {
          "name": "Paris"
        },
        "permission": [
          {
            "id": "6",
            "name": "Accounts"
          }
        ]
      },
      {
        "DT_RowId": "row_4",
        "users": {
          "first_name": "Sophia",
          "last_name": "Morris",
          "site": "4"
        },
        "sites": {
          "name": "New York"
        },
        "permission": [
          {
            "id": "6",
            "name": "Accounts"
          },
          {
            "id": "3",
            "name": "Desktop"
          },
          {
            "id": "4",
            "name": "VMs"
          },
          {
            "id": "5",
            "name": "Web-site"
          }
        ]
      },
      {
        "DT_RowId": "row_10",
        "users": {
          "first_name": "Indigo",
          "last_name": "Brennan",
          "site": "4"
        },
        "sites": {
          "name": "New York"
        },
        "permission": [
          {
            "id": "3",
            "name": "Desktop"
          },
          {
            "id": "1",
            "name": "Printer"
          },
          {
            "id": "2",
            "name": "Servers"
          }
        ]
      },
      {
        "DT_RowId": "row_16",
        "users": {
          "first_name": "Wynne",
          "last_name": "Ruiz",
          "site": "4"
        },
        "sites": {
          "name": "New York"
        },
        "permission": []
      },
      {
        "DT_RowId": "row_22",
        "users": {
          "first_name": "Pandora",
          "last_name": "Armstrong",
          "site": "4"
        },
        "sites": {
          "name": "New York"
        },
        "permission": [
          {
            "id": "6",
            "name": "Accounts"
          },
          {
            "id": "3",
            "name": "Desktop"
          },
          {
            "id": "2",
            "name": "Servers"
          }
        ]
      },
      {
        "DT_RowId": "row_28",
        "users": {
          "first_name": "Basia",
          "last_name": "Harrell",
          "site": "4"
        },
        "sites": {
          "name": "New York"
        },
        "permission": []
      },
      {
        "DT_RowId": "row_34",
        "users": {
          "first_name": "Jocelyn",
          "last_name": "England",
          "site": "4"
        },
        "sites": {
          "name": "New York"
        },
        "permission": [
          {
            "id": "3",
            "name": "Desktop"
          },
          {
            "id": "1",
            "name": "Printer"
          },
          {
            "id": "2",
            "name": "Servers"
          }
        ]
      },
      {
        "DT_RowId": "row_5",
        "users": {
          "first_name": "Kamal",
          "last_name": "Roberson",
          "site": "5"
        },
        "sites": {
          "name": "Singapore"
        },
        "permission": [
          {
            "id": "2",
            "name": "Servers"
          }
        ]
      },
      {
        "DT_RowId": "row_11",
        "users": {
          "first_name": "Avram",
          "last_name": "Allison",
          "site": "5"
        },
        "sites": {
          "name": "Singapore"
        },
        "permission": [
          {
            "id": "6",
            "name": "Accounts"
          },
          {
            "id": "4",
            "name": "VMs"
          }
        ]
      },
      {
        "DT_RowId": "row_17",
        "users": {
          "first_name": "Jessica",
          "last_name": "Bryan",
          "site": "5"
        },
        "sites": {
          "name": "Singapore"
        },
        "permission": []
      },
      {
        "DT_RowId": "row_23",
        "users": {
          "first_name": "Pandora",
          "last_name": "Briggs",
          "site": "5"
        },
        "sites": {
          "name": "Singapore"
        },
        "permission": []
      },
      {
        "DT_RowId": "row_29",
        "users": {
          "first_name": "Hamilton",
          "last_name": "Blackburn",
          "site": "5"
        },
        "sites": {
          "name": "Singapore"
        },
        "permission": []
      },
      {
        "DT_RowId": "row_35",
        "users": {
          "first_name": "Vincent",
          "last_name": "Banks",
          "site": "5"
        },
        "sites": {
          "name": "Singapore"
        },
        "permission": [
          {
            "id": "2",
            "name": "Servers"
          }
        ]
      },
      {
        "DT_RowId": "row_6",
        "users": {
          "first_name": "Dustin",
          "last_name": "Rosa",
          "site": "6"
        },
        "sites": {
          "name": "Los Angeles"
        },
        "permission": [
          {
            "id": "6",
            "name": "Accounts"
          }
        ]
      },
      {
        "DT_RowId": "row_12",
        "users": {
          "first_name": "Martha",
          "last_name": "Burgess",
          "site": "6"
        },
        "sites": {
          "name": "Los Angeles"
        },
        "permission": [
          {
            "id": "1",
            "name": "Printer"
          },
          {
            "id": "2",
            "name": "Servers"
          },
          {
            "id": "5",
            "name": "Web-site"
          }
        ]
      },
      {
        "DT_RowId": "row_18",
        "users": {
          "first_name": "Quinlan",
          "last_name": "Hyde",
          "site": "6"
        },
        "sites": {
          "name": "Los Angeles"
        },
        "permission": [
          {
            "id": "3",
            "name": "Desktop"
          },
          {
            "id": "1",
            "name": "Printer"
          },
          {
            "id": "2",
            "name": "Servers"
          }
        ]
      },
      {
        "DT_RowId": "row_24",
        "users": {
          "first_name": "Maris",
          "last_name": "Leblanc",
          "site": "6"
        },
        "sites": {
          "name": "Los Angeles"
        },
        "permission": []
      },
      {
        "DT_RowId": "row_30",
        "users": {
          "first_name": "Dexter",
          "last_name": "Burton",
          "site": "6"
        },
        "sites": {
          "name": "Los Angeles"
        },
        "permission": [
          {
            "id": "3",
            "name": "Desktop"
          },
          {
            "id": "1",
            "name": "Printer"
          },
          {
            "id": "5",
            "name": "Web-site"
          }
        ]
      },
      {
        "DT_RowId": "row_36",
        "users": {
          "first_name": "Stewart",
          "last_name": "Chan",
          "site": "6"
        },
        "sites": {
          "name": "Los Angeles"
        },
        "permission": [
          {
            "id": "3",
            "name": "Desktop"
          }
        ]
      }
    ]
  }